examplerekbucket, image1.jpg, 715374, 2017-12-14T09:31:34.000Z, 1ee20aa0014ce38db9f85b6481eeef60
examplerekbucket, image14.jpg, 1762147, 2017-12-08T04:53:56.000Z, 33854f8eada9d811a88be842617c7410
examplerekbucket, image15.jpg, 1721684, 2017-12-29T06:29:22.000Z, 2774925e44336d3d688000e0e6edd3a4
examplerekbucket, image16.jpg, 1702955, 2017-12-29T06:29:28.000Z, 6de23565fae06462daeb2d59b3f301f8
examplerekbucket, image17.jpg, 128963, 2017-12-29T06:29:34.000Z, 464aa33f608d5103772ba247a1cc4b74
examplerekbucket, image18.jpg, 50531, 2017-12-08T04:54:26.000Z, 65f9ad728e19ee9fb852425e0cf8e5aa
examplerekbucket, image2.jpg, 644924, 2017-12-08T04:52:40.000Z, 6c95d5f6cc8222087ab9b9a4198a50c4
examplerekbucket, image20.jpg, 40171, 2017-12-08T04:54:30.000Z, d944f35287cfd0c5aafad34db06e2ba8
examplerekbucket, image22.jpg, 7971, 2017-12-08T04:54:32.000Z, 2c0383f6f269bd58486dede976983873
examplerekbucket, image3.jpg, 873751, 2017-12-08T04:52:47.000Z, 749c021710a5ecfa9a1db70f5f277a9c
examplerekbucket, image4.jpg, 942880, 2017-12-29T06:29:49.000Z, 8965e9b2779154777ad73227546ebc5d
examplerekbucket, image5.jpg, 1135597, 2017-12-29T06:29:53.000Z, e2b84b3587dee87249b1cb9a86725374
examplerekbucket, image6.jpg, 246074, 2017-12-29T06:29:58.000Z, f490e4503cf5cd2baf33b599fb4b4c4d
examplerekbucket, image7.jpg, 1015199, 2017-12-08T04:53:20.000Z, 581d16d7fd3c1f4fffa817817ab2afe1
examplerekbucket, image8.jpg, 943709, 2017-12-08T04:53:29.000Z, 9734ea4b90dcfd8fc6fef3beddd41560
examplerekbucket, image9.jpg, 897628, 2017-12-08T04:53:36.000Z, 39fb63f4b933e7d8a348e8d2f120c64b